QueryNumber;DocNumber;DocVotes
00001;139;4
00001;151;4
00001;166;1
00001;311;1
00001;370;2
00001;392;1
00001;439;1
00001;440;2
00001;441;4
00001;454;1
00001;461;4
00001;502;1
00001;503;1
00001;505;1
00001;520;2
00001;522;1
00001;526;3
00001;527;2
00001;533;4
00001;593;1
00001;619;1
00001;737;1
00001;742;1
00001;789;1
00001;827;1
00001;835;1
00001;861;1
00001;875;4
00001;891;1
00001;921;2
00001;922;2
00001;1175;1
00001;1185;1
00001;1222;1
00002;169;1
00002;434;2
00002;454;1
00002;498;1
00002;499;1
00002;592;1
00002;875;3
00003;23;1
00003;40;1
00003;139;4
00003;190;1
00003;221;1
00003;246;1
00003;309;1
00003;311;2
00003;325;1
00003;345;1
00003;347;1
00003;356;1
00003;370;2
00003;374;1
00003;375;4
00003;439;1
00003;440;3
00003;454;3
00003;515;1
00003;520;1
00003;524;1
00003;526;2
00003;527;3
00003;533;1
00003;535;1
00003;560;1
00003;561;1
00003;571;1
00003;584;1
00003;604;1
00003;623;1
00003;633;4
00003;733;1
00003;742;2
00003;854;1
00003;856;4
00003;950;1
00003;967;1
00003;1144;4
00003;1161;1
00003;1172;1
00003;1175;1
00003;1196;1
00004;503;1
00004;538;1
00004;539;1
00004;540;1
00004;553;1
00004;604;4
00004;669;2
00004;711;4
00004;876;4
00005;23;3
00005;47;4
00005;50;1
00005;60;1
00005;114;2
00005;132;1
00005;135;1
00005;139;1
00005;151;4
00005;169;1
00005;189;1
00005;190;1
00005;197;1
00005;200;1
00005;226;1
00005;256;4
00005;265;1
00005;297;1
00005;298;1
00005;299;1
00005;311;1
00005;312;1
00005;325;3
00005;333;1
00005;343;1
00005;347;2
00005;349;1
00005;369;1
00005;370;4
00005;371;1
00005;374;4
00005;386;2
00005;392;1
00005;410;1
00005;420;1
00005;427;1
00005;428;1
00005;430;2
00005;434;1
00005;437;1
00005;439;4
00005;440;1
00005;441;1
00005;450;1
00005;461;3
00005;465;2
00005;478;1
00005;496;3
00005;497;4
00005;498;4
00005;499;4
00005;500;3
00005;501;1
00005;502;1
00005;503;4
00005;505;1
00005;511;3
00005;513;1
00005;516;2
00005;520;1
00005;524;2
00005;531;1
00005;533;4
00005;549;1
00005;553;2
00005;559;1
00005;561;1
00005;568;1
00005;590;1
00005;592;2
00005;593;4
00005;604;1
00005;605;1
00005;633;4
00005;669;1
00005;701;1
00005;702;1
00005;710;4
00005;711;1
00005;722;1
00005;724;1
00005;729;1
00005;731;1
00005;733;1
00005;750;1
00005;761;1
00005;763;1
00005;772;1
00005;779;1
00005;788;1
00005;805;4
00005;843;1
00005;845;1
00005;856;4
00005;857;1
00005;861;4
00005;864;1
00005;867;2
00005;875;4
00005;876;1
00005;888;1
00005;889;1
00005;895;3
00005;925;1
00005;935;1
00005;943;1
00005;944;1
00005;975;4
00005;980;3
00005;982;1
00005;990;1
00005;1000;1
00005;1019;1
00005;1038;1
00005;1040;1
00005;1064;3
00005;1076;1
00005;1080;1
00005;1088;1
00005;1091;1
00005;1092;1
00005;1093;1
00005;1098;1
00005;1144;4
00005;1156;1
00005;1175;3
00005;1185;1
00005;1188;1
00005;1196;1
00005;1223;1
00005;1226;1
00006;25;1
00006;31;4
00006;90;1
00006;195;1
00006;326;1
00006;370;2
00006;438;1
00006;440;1
00006;441;1
00006;503;3
00006;511;1
00006;586;1
00006;592;2
00006;593;1
00006;722;1
00006;731;1
00006;734;1
00006;805;1
00006;875;3
00006;922;1
00006;963;1
00006;975;2
00006;1092;1
00006;1093;1
00007;45;1
00007;53;1
00007;166;1
00007;171;1
00007;256;2
00007;370;1
00007;371;4
00007;386;1
00007;410;1
00007;439;2
00007;535;1
00007;623;4
00007;633;1
00007;634;1
00007;640;1
00007;669;1
00007;831;1
00007;853;1
00007;856;4
00007;857;1
00007;921;1
00007;1027;1
00007;1054;2
00007;1056;1
00007;1057;1
00007;1059;1
00007;1064;3
00007;1161;1
00008;23;4
00008;169;1
00008;322;1
00008;370;1
00008;386;1
00008;435;1
00008;439;2
00008;463;1
00008;496;1
00008;497;1
00008;498;1
00008;499;4
00008;503;1
00008;605;1
00008;683;3
00008;710;1
00008;750;1
00008;771;1
00008;867;1
00008;875;1
00008;944;1
00008;1125;3
00009;165;4
00009;174;1
00009;362;1
00009;370;1
00009;414;4
00009;443;1
00009;794;3
00009;992;2
00009;1040;1
00009;1115;2
00010;30;4
00010;126;2
00010;157;4
00010;170;4
00010;296;4
00010;301;1
00010;322;1
00010;370;2
00010;413;4
00010;443;3
00010;581;4
00010;676;4
00010;715;1
00010;722;1
00010;728;3
00010;758;1
00010;782;2
00010;835;1
00010;878;4
00010;941;1
00010;1115;4
00010;1215;1
00010;1218;4
00010;1234;1
00010;1239;3
00011;36;1
00011;46;1
00011;96;3
00011;186;1
00011;301;1
00011;428;2
00011;518;3
00011;649;1
00011;652;1
00011;659;1
00011;772;2
00011;796;4
00011;798;4
00011;799;1
00011;835;1
00011;837;1
00011;908;1
00011;909;4
00011;991;4
00011;1119;1
00011;1178;1
00011;1226;1
00012;70;4
00012;181;1
00012;443;3
00012;466;3
00012;755;1
00012;918;1
00012;1115;1
00013;156;4
00013;301;4
00013;314;4
00013;322;3
00013;370;1
00013;443;3
00013;462;2
00013;522;1
00013;643;1
00013;695;3
00013;715;1
00013;719;1
00013;722;1
00013;763;2
00013;764;1
00013;791;4
00013;822;1
00013;900;1
00013;902;3
00013;978;1
00013;1017;1
00013;1033;1
00013;1097;1
00013;1124;1
00014;5;2
00014;89;1
00014;92;1
00014;131;4
00014;135;1
00014;150;4
00014;156;1
00014;203;1
00014;232;1
00014;233;4
00014;234;4
00014;291;1
00014;297;1
00014;314;1
00014;319;1
00014;344;4
00014;345;3
00014;356;1
00014;367;3
00014;370;3
00014;379;1
00014;405;4
00014;413;1
00014;417;4
00014;419;1
00014;421;1
00014;424;1
00014;462;4
00014;465;3
00014;492;1
00014;584;2
00014;602;3
00014;616;3
00014;635;4
00014;662;1
00014;695;1
00014;719;2
00014;777;3
00014;791;4
00014;809;1
00014;815;4
00014;852;4
00014;889;1
00014;899;4
00014;930;1
00014;941;3
00014;1000;1
00014;1008;3
00014;1013;2
00014;1100;4
00014;1117;3
00014;1124;4
00014;1135;2
00014;1206;1
00014;1234;2
00015;17;1
00015;59;4
00015;63;1
00015;72;1
00015;91;1
00015;95;1
00015;97;1
00015;98;1
00015;99;4
00015;135;1
00015;149;3
00015;174;3
00015;197;2
00015;204;4
00015;205;4
00015;226;1
00015;232;1
00015;238;1
00015;266;4
00015;297;1
00015;301;4
00015;322;4
00015;339;4
00015;350;1
00015;354;1
00015;355;4
00015;364;4
00015;370;4
00015;385;4
00015;398;2
00015;408;1
00015;410;3
00015;413;1
00015;414;1
00015;420;1
00015;422;4
00015;423;4
00015;424;1
00015;426;1
00015;434;1
00015;443;4
00015;474;3
00015;545;4
00015;549;4
00015;550;1
00015;601;4
00015;603;2
00015;611;1
00015;642;2
00015;643;1
00015;657;1
00015;673;1
00015;690;4
00015;700;4
00015;720;4
00015;722;4
00015;724;1
00015;725;2
00015;729;1
00015;731;1
00015;735;1
00015;747;2
00015;752;4
00015;763;3
00015;764;2
00015;767;1
00015;792;1
00015;794;1
00015;816;1
00015;822;1
00015;833;1
00015;837;1
00015;844;1
00015;853;1
00015;854;3
00015;857;1
00015;863;2
00015;870;4
00015;875;1
00015;888;1
00015;889;1
00015;900;2
00015;944;2
00015;990;1
00015;993;1
00015;994;4
00015;1000;2
00015;1013;2
00015;1016;2
00015;1027;1
00015;1033;1
00015;1040;1
00015;1093;1
00015;1098;1
00015;1115;1
00015;1162;2
00015;1184;4
00015;1187;1
00015;1192;4
00015;1195;1
00015;1226;1
00015;1232;1
00015;1234;1
00015;1235;3
00016;5;1
00016;10;1
00016;17;1
00016;36;1
00016;41;2
00016;46;4
00016;69;1
00016;72;1
00016;89;4
00016;92;1
00016;95;4
00016;97;1
00016;98;1
00016;126;1
00016;129;3
00016;130;1
00016;132;1
00016;134;1
00016;135;2
00016;148;1
00016;150;1
00016;168;1
00016;181;3
00016;182;4
00016;186;4
00016;189;1
00016;197;1
00016;202;1
00016;205;1
00016;212;1
00016;225;1
00016;226;1
00016;238;2
00016;240;3
00016;255;1
00016;288;1
00016;290;1
00016;292;1
00016;297;1
00016;298;2
00016;301;4
00016;314;3
00016;320;1
00016;322;4
00016;330;1
00016;331;1
00016;333;2
00016;350;2
00016;357;1
00016;359;2
00016;364;4
00016;370;4
00016;376;3
00016;386;1
00016;396;4
00016;398;2
00016;413;1
00016;421;1
00016;424;3
00016;428;2
00016;434;1
00016;443;4
00016;462;1
00016;466;4
00016;468;4
00016;472;1
00016;473;1
00016;475;4
00016;478;2
00016;489;1
00016;490;1
00016;510;1
00016;512;1
00016;518;3
00016;522;3
00016;550;2
00016;553;1
00016;559;1
00016;581;1
00016;582;2
00016;586;1
00016;594;3
00016;615;1
00016;616;1
00016;641;3
00016;642;3
00016;643;2
00016;649;4
00016;656;1
00016;657;2
00016;658;2
00016;659;4
00016;660;2
00016;662;2
00016;673;1
00016;676;1
00016;708;1
00016;709;1
00016;711;1
00016;715;1
00016;719;2
00016;722;4
00016;723;1
00016;724;1
00016;725;1
00016;727;4
00016;729;1
00016;730;1
00016;731;1
00016;735;1
00016;755;3
00016;756;4
00016;758;1
00016;762;1
00016;763;3
00016;764;1
00016;767;1
00016;770;2
00016;772;4
00016;783;1
00016;791;2
00016;797;1
00016;799;4
00016;809;1
00016;810;1
00016;816;2
00016;822;1
00016;834;4
00016;835;1
00016;837;1
00016;844;1
00016;867;1
00016;870;1
00016;872;3
00016;875;1
00016;882;1
00016;888;1
00016;889;1
00016;893;1
00016;896;1
00016;901;3
00016;902;2
00016;919;1
00016;928;1
00016;932;1
00016;935;4
00016;937;2
00016;938;1
00016;941;1
00016;943;2
00016;944;2
00016;970;1
00016;974;1
00016;984;2
00016;990;1
00016;991;1
00016;993;4
00016;994;1
00016;1000;2
00016;1002;2
00016;1016;3
00016;1017;4
00016;1023;1
00016;1033;1
00016;1037;1
00016;1051;1
00016;1066;1
00016;1076;1
00016;1080;1
00016;1098;1
00016;1101;1
00016;1115;1
00016;1135;1
00016;1154;3
00016;1158;1
00016;1189;1
00016;1192;4
00016;1226;3
00016;1232;1
00016;1234;2
00017;49;4
00017;89;3
00017;101;1
00017;128;1
00017;132;1
00017;135;1
00017;153;1
00017;189;1
00017;233;1
00017;238;1
00017;297;1
00017;298;1
00017;301;1
00017;330;1
00017;333;1
00017;357;4
00017;359;3
00017;370;3
00017;428;2
00017;443;2
00017;450;1
00017;506;1
00017;643;2
00017;660;1
00017;662;3
00017;688;4
00017;722;1
00017;729;1
00017;730;2
00017;731;1
00017;735;1
00017;791;4
00017;810;4
00017;816;2
00017;837;1
00017;839;1
00017;845;1
00017;882;1
00017;889;1
00017;897;1
00017;937;1
00017;938;1
00017;941;2
00017;944;2
00017;1000;1
00017;1023;1
00017;1040;1
00017;1069;1
00017;1080;1
00017;1088;1
00017;1101;4
00017;1103;3
00017;1115;1
00017;1187;1
00017;1234;1
00018;129;4
00018;153;1
00018;205;3
00018;226;1
00018;364;1
00018;370;2
00018;414;1
00018;424;3
00018;443;1
00018;642;1
00018;656;2
00018;657;2
00018;658;2
00018;660;2
00018;725;3
00018;816;1
00018;935;2
00018;993;3
00018;994;1
00018;1016;3
00018;1162;2
00019;21;3
00019;49;1
00019;359;3
00019;370;2
00019;398;1
00019;432;4
00019;455;1
00019;487;4
00019;506;4
00019;618;4
00019;626;4
00019;672;4
00019;688;4
00019;693;4
00019;897;4
00019;936;1
00019;944;1
00019;1000;1
00019;1049;4
00019;1103;4
00019;1129;1
00019;1205;1
00020;126;4
00020;133;1
00020;153;1
00020;181;1
00020;207;4
00020;208;4
00020;220;4
00020;278;4
00020;283;2
00020;286;4
00020;287;4
00020;288;2
00020;290;4
00020;292;4
00020;370;2
00020;443;1
00020;538;4
00020;539;4
00020;540;4
00020;544;4
00020;604;1
00020;643;1
00020;711;3
00020;715;3
00020;731;1
00020;758;4
00020;767;1
00020;791;1
00020;823;4
00020;824;2
00020;882;1
00020;919;1
00020;924;4
00020;928;1
00020;944;1
00020;962;4
00020;970;2
00020;1066;4
00020;1080;1
00020;1115;4
00020;1168;4
00020;1189;1
00020;1213;4
00020;1215;4
00020;1234;2
00020;1239;3
00021;68;4
00021;97;1
00021;98;2
00021;181;1
00021;251;4
00021;413;1
00021;416;1
00021;434;1
00021;443;1
00021;551;1
00021;615;1
00021;676;1
00021;708;4
00021;709;4
00021;719;2
00021;722;1
00021;751;1
00021;756;1
00021;757;1
00021;932;1
00021;941;3
00021;1098;1
00021;1115;4
00021;1158;4
00021;1189;1
00022;13;4
00022;39;2
00022;67;1
00022;69;1
00022;104;1
00022;130;4
00022;189;1
00022;197;1
00022;221;1
00022;226;1
00022;237;2
00022;247;1
00022;258;4
00022;262;4
00022;276;4
00022;322;1
00022;325;1
00022;333;1
00022;342;2
00022;343;2
00022;350;1
00022;365;1
00022;370;3
00022;392;1
00022;431;4
00022;464;1
00022;465;1
00022;473;4
00022;478;4
00022;503;3
00022;510;2
00022;512;2
00022;514;2
00022;586;1
00022;590;2
00022;654;2
00022;671;3
00022;682;1
00022;692;4
00022;704;4
00022;713;1
00022;729;1
00022;731;1
00022;735;1
00022;764;4
00022;774;2
00022;788;3
00022;843;2
00022;845;1
00022;871;2
00022;880;3
00022;881;2
00022;882;1
00022;888;1
00022;898;4
00022;908;4
00022;942;1
00022;946;1
00022;968;1
00022;1000;1
00022;1033;1
00022;1040;1
00022;1083;4
00022;1093;1
00022;1114;2
00022;1144;1
00022;1156;4
00022;1166;2
00022;1194;4
00022;1195;1
00023;9;4
00023;10;4
00023;11;2
00023;12;4
00023;34;4
00023;42;4
00023;99;4
00023;162;1
00023;163;1
00023;167;1
00023;198;1
00023;248;1
00023;285;1
00023;322;2
00023;350;2
00023;370;2
00023;426;4
00023;434;4
00023;464;1
00023;509;4
00023;541;4
00023;582;1
00023;583;1
00023;598;1
00023;716;2
00023;780;1
00023;859;3
00023;883;1
00023;888;2
00023;979;4
00023;984;1
00023;1096;2
00023;1114;4
00023;1156;1
00023;1163;1
00024;32;2
00024;72;1
00024;199;1
00024;207;1
00024;210;3
00024;240;1
00024;254;4
00024;331;1
00024;370;1
00024;377;1
00024;411;1
00024;477;1
00024;492;1
00024;522;1
00024;552;1
00024;559;1
00024;611;2
00024;647;4
00024;677;1
00024;724;1
00024;763;1
00024;858;1
00024;913;4
00024;915;4
00024;926;4
00024;934;1
00024;1000;1
00024;1031;3
00024;1109;4
00024;1195;4
00024;1232;1
00025;72;4
00025;74;3
00025;83;3
00025;84;2
00025;106;3
00025;112;1
00025;120;2
00025;141;1
00025;162;2
00025;172;1
00025;198;3
00025;221;1
00025;276;1
00025;370;2
00025;390;1
00025;392;1
00025;411;4
00025;415;1
00025;425;1
00025;431;4
00025;432;1
00025;464;1
00025;465;3
00025;503;4
00025;505;1
00025;530;1
00025;550;1
00025;559;1
00025;566;1
00025;568;1
00025;569;3
00025;622;1
00025;647;4
00025;855;1
00025;858;4
00025;875;1
00025;880;1
00025;881;2
00025;891;1
00025;913;4
00025;915;1
00025;926;4
00025;949;1
00025;977;1
00025;1027;1
00025;1031;1
00025;1083;1
00025;1156;2
00025;1194;4
00025;1195;4
00025;1210;1
00026;74;2
00026;104;4
00026;199;4
00026;221;1
00026;281;4
00026;285;4
00026;328;4
00026;333;1
00026;342;3
00026;343;2
00026;370;1
00026;392;1
00026;431;4
00026;434;1
00026;442;1
00026;465;1
00026;485;1
00026;488;1
00026;490;1
00026;610;4
00026;617;4
00026;665;4
00026;713;1
00026;774;2
00026;807;4
00026;855;1
00026;881;2
00026;942;3
00026;1061;4
00026;1144;4
00026;1166;4
00026;1194;4
00026;1195;1
00027;98;3
00027;179;1
00027;599;4
00027;756;1
00027;858;1
00027;905;4
00027;912;1
00027;913;2
00027;1000;1
00027;1083;1
00027;1096;1
00028;134;1
00028;135;2
00028;136;1
00028;215;4
00028;274;1
00028;300;1
00028;322;1
00028;331;1
00028;333;1
00028;343;1
00028;351;4
00028;352;4
00028;370;4
00028;392;1
00028;398;1
00028;465;1
00028;467;1
00028;477;4
00028;510;1
00028;550;1
00028;559;1
00028;586;1
00028;611;1
00028;665;1
00028;722;3
00028;724;2
00028;729;1
00028;735;1
00028;759;4
00028;763;2
00028;822;4
00028;832;1
00028;837;1
00028;875;1
00028;882;1
00028;913;1
00028;937;1
00028;942;2
00028;944;1
00028;969;1
00028;990;1
00028;1000;3
00028;1033;2
00028;1040;2
00028;1083;4
00028;1093;2
00028;1187;1
00028;1192;2
00028;1222;1
00028;1226;1
00028;1234;2
00029;15;3
00029;100;1
00029;215;4
00029;274;4
00029;300;4
00029;322;4
00029;333;2
00029;343;1
00029;350;2
00029;351;4
00029;352;4
00029;353;3
00029;370;4
00029;385;1
00029;392;1
00029;434;1
00029;442;1
00029;477;3
00029;510;1
00029;553;1
00029;687;1
00029;714;2
00029;722;3
00029;724;2
00029;729;1
00029;759;4
00029;763;3
00029;764;1
00029;788;1
00029;822;2
00029;832;4
00029;837;1
00029;875;1
00029;937;1
00029;942;2
00029;944;3
00029;1000;1
00029;1033;1
00029;1040;2
00029;1083;1
00029;1093;1
00029;1184;1
00029;1192;4
00029;1234;2
00030;117;1
00030;328;2
00030;332;1
00030;433;4
00030;492;1
00030;557;1
00030;586;4
00030;687;1
00030;775;1
00030;880;4
00030;881;1
00030;911;4
00030;942;2
00030;1001;2
00030;1084;1
00030;1224;4
00030;1234;1
00031;43;4
00031;69;1
00031;127;4
00031;128;1
00031;136;3
00031;145;1
00031;168;2
00031;189;4
00031;213;1
00031;226;4
00031;239;4
00031;272;1
00031;330;4
00031;331;2
00031;332;4
00031;359;1
00031;370;4
00031;389;1
00031;433;4
00031;448;4
00031;467;4
00031;512;1
00031;550;1
00031;551;2
00031;557;4
00031;586;4
00031;620;2
00031;628;3
00031;651;4
00031;701;2
00031;722;2
00031;724;1
00031;729;2
00031;735;1
00031;760;4
00031;762;1
00031;764;1
00031;839;4
00031;845;4
00031;882;4
00031;937;2
00031;938;4
00031;940;2
00031;942;3
00031;944;1
00031;999;4
00031;1000;2
00031;1020;4
00031;1022;4
00031;1036;4
00031;1040;3
00031;1084;4
00031;1093;1
00031;1187;2
00031;1224;3
00031;1232;1
00031;1233;4
00031;1234;2
00032;43;1
00032;127;1
00032;128;1
00032;181;1
00032;184;4
00032;189;1
00032;212;2
00032;226;1
00032;239;2
00032;315;1
00032;330;1
00032;331;1
00032;370;1
00032;389;4
00032;433;4
00032;467;1
00032;473;1
00032;489;1
00032;506;1
00032;586;3
00032;722;4
00032;735;1
00032;764;1
00032;882;1
00032;937;1
00032;999;1
00032;1040;2
00032;1093;1
00032;1220;1
00032;1234;2
00033;37;2
00033;65;1
00033;91;4
00033;94;3
00033;96;1
00033;210;3
00033;225;2
00033;297;1
00033;359;3
00033;370;4
00033;403;4
00033;404;1
00033;413;1
00033;465;4
00033;515;1
00033;612;4
00033;637;3
00033;638;3
00033;663;1
00033;719;1
00033;721;4
00033;731;1
00033;763;2
00033;764;1
00033;773;1
00033;793;1
00033;795;1
00033;797;3
00033;811;4
00033;818;3
00033;822;1
00033;825;4
00033;846;1
00033;882;1
00033;888;2
00033;889;1
00033;916;4
00033;920;4
00033;927;4
00033;978;3
00033;981;1
00033;995;4
00033;996;4
00033;1000;1
00033;1023;1
00033;1052;4
00033;1072;1
00033;1098;1
00033;1105;4
00033;1113;4
00033;1122;4
00033;1123;3
00033;1183;4
00033;1186;4
00033;1189;2
00033;1215;1
00033;1234;4
00034;37;4
00034;65;4
00034;76;2
00034;77;1
00034;94;1
00034;135;1
00034;225;1
00034;235;1
00034;236;1
00034;247;1
00034;261;4
00034;277;1
00034;297;1
00034;359;1
00034;403;4
00034;404;4
00034;465;4
00034;471;4
00034;552;1
00034;627;1
00034;637;4
00034;638;4
00034;721;4
00034;773;4
00034;795;4
00034;817;4
00034;818;1
00034;825;1
00034;846;4
00034;916;4
00034;933;1
00034;941;1
00034;944;1
00034;995;4
00034;1000;1
00034;1023;1
00034;1052;2
00034;1186;1
00034;1234;1
00035;32;1
00035;120;1
00035;210;4
00035;811;3
00035;825;1
00035;888;1
00035;913;3
00035;915;3
00035;920;1
00035;926;1
00035;948;1
00035;1105;1
00035;1109;4
00035;1119;1
00036;66;1
00036;325;1
00036;370;1
00036;403;2
00036;612;3
00036;721;1
00036;722;3
00036;724;1
00036;1052;3
00037;3;4
00037;4;1
00037;28;3
00037;33;4
00037;35;4
00037;38;4
00037;65;2
00037;71;4
00037;76;2
00037;116;1
00037;119;1
00037;120;4
00037;131;4
00037;148;1
00037;150;1
00037;158;4
00037;175;4
00037;203;4
00037;220;1
00037;225;4
00037;231;2
00037;233;1
00037;234;4
00037;238;2
00037;247;4
00037;280;4
00037;291;1
00037;294;1
00037;318;4
00037;319;4
00037;333;3
00037;334;2
00037;342;1
00037;345;1
00037;370;2
00037;378;4
00037;379;4
00037;380;4
00037;392;1
00037;403;1
00037;428;2
00037;433;1
00037;443;1
00037;465;4
00037;470;4
00037;476;4
00037;482;4
00037;483;4
00037;491;4
00037;492;4
00037;510;1
00037;512;1
00037;514;1
00037;596;1
00037;600;4
00037;627;4
00037;671;1
00037;697;4
00037;711;1
00037;712;4
00037;717;4
00037;721;1
00037;731;1
00037;774;3
00037;776;1
00037;815;4
00037;817;4
00037;818;1
00037;831;4
00037;835;4
00037;849;4
00037;866;3
00037;871;2
00037;877;4
00037;888;1
00037;930;4
00037;933;4
00037;941;1
00037;942;4
00037;944;1
00037;946;4
00037;991;4
00037;1008;4
00037;1011;3
00037;1014;4
00037;1028;4
00037;1080;1
00037;1126;4
00037;1128;4
00037;1130;1
00037;1131;4
00037;1133;4
00037;1135;3
00037;1174;4
00037;1176;4
00037;1178;4
00037;1182;4
00037;1234;4
00038;14;4
00038;76;1
00038;117;2
00038;142;1
00038;252;1
00038;360;4
00038;370;1
00038;390;4
00038;392;1
00038;444;1
00038;465;4
00038;503;1
00038;505;1
00038;510;1
00038;572;1
00038;573;1
00038;621;1
00038;622;1
00038;627;1
00038;634;4
00038;644;4
00038;646;2
00038;666;2
00038;702;1
00038;729;1
00038;776;1
00038;786;1
00038;856;1
00038;862;1
00038;866;1
00038;873;2
00038;881;1
00038;882;1
00038;888;1
00038;971;4
00038;990;1
00038;1001;1
00038;1024;2
00038;1027;1
00038;1029;1
00038;1059;1
00038;1066;1
00038;1068;4
00038;1072;1
00038;1075;1
00038;1130;4
00038;1136;4
00038;1140;4
00038;1146;2
00038;1148;2
00038;1160;2
00038;1230;1
00038;1234;3
00039;3;1
00039;67;1
00039;74;1
00039;76;1
00039;83;4
00039;84;1
00039;85;4
00039;102;1
00039;107;1
00039;108;1
00039;112;2
00039;135;1
00039;143;1
00039;216;4
00039;217;4
00039;218;4
00039;219;4
00039;221;4
00039;222;4
00039;225;4
00039;226;1
00039;230;2
00039;233;1
00039;235;4
00039;236;4
00039;244;1
00039;248;1
00039;249;4
00039;252;3
00039;254;2
00039;263;3
00039;276;1
00039;277;4
00039;289;4
00039;293;4
00039;297;1
00039;301;1
00039;304;4
00039;306;1
00039;307;2
00039;308;1
00039;338;4
00039;342;1
00039;343;1
00039;356;3
00039;360;1
00039;365;1
00039;366;1
00039;370;1
00039;392;1
00039;404;1
00039;407;4
00039;412;3
00039;420;4
00039;433;2
00039;453;1
00039;465;1
00039;470;4
00039;488;2
00039;490;1
00039;494;1
00039;503;1
00039;505;2
00039;508;2
00039;510;2
00039;529;2
00039;530;1
00039;532;1
00039;534;2
00039;535;1
00039;553;3
00039;560;4
00039;563;1
00039;564;2
00039;565;1
00039;566;1
00039;567;2
00039;568;1
00039;569;1
00039;570;2
00039;571;2
00039;572;1
00039;573;3
00039;576;1
00039;584;4
00039;586;1
00039;608;2
00039;610;1
00039;619;4
00039;621;1
00039;622;1
00039;627;1
00039;639;4
00039;645;4
00039;646;2
00039;647;1
00039;652;1
00039;654;4
00039;702;1
00039;716;3
00039;729;1
00039;738;1
00039;739;1
00039;740;1
00039;744;1
00039;746;1
00039;749;1
00039;776;1
00039;777;2
00039;786;2
00039;845;1
00039;849;1
00039;851;4
00039;862;1
00039;869;2
00039;873;4
00039;881;2
00039;882;1
00039;888;1
00039;889;1
00039;892;1
00039;902;1
00039;918;1
00039;942;1
00039;944;1
00039;949;2
00039;966;2
00039;971;4
00039;990;1
00039;1001;2
00039;1026;1
00039;1027;2
00039;1029;2
00039;1044;1
00039;1066;1
00039;1070;1
00039;1072;1
00039;1076;1
00039;1096;1
00039;1127;3
00039;1135;1
00039;1136;1
00039;1137;4
00039;1139;4
00039;1140;1
00039;1141;4
00039;1146;2
00039;1148;2
00039;1160;1
00039;1161;1
00039;1185;1
00039;1194;1
00039;1209;1
00039;1210;1
00039;1211;2
00039;1222;1
00039;1224;1
00039;1225;4
00039;1230;2
00039;1234;4
00039;1236;1
00039;1238;1
00040;2;1
00040;3;4
00040;4;4
00040;5;1
00040;9;1
00040;10;1
00040;17;1
00040;28;4
00040;32;1
00040;35;1
00040;76;1
00040;77;4
00040;95;3
00040;103;1
00040;105;1
00040;108;1
00040;109;2
00040;112;1
00040;115;1
00040;116;4
00040;119;2
00040;120;1
00040;132;1
00040;142;1
00040;144;1
00040;150;2
00040;151;1
00040;169;1
00040;173;1
00040;189;1
00040;198;1
00040;210;1
00040;225;4
00040;231;4
00040;233;4
00040;235;1
00040;236;1
00040;240;3
00040;248;1
00040;249;1
00040;252;2
00040;254;4
00040;261;1
00040;263;1
00040;277;4
00040;279;1
00040;289;1
00040;291;1
00040;293;2
00040;294;3
00040;297;1
00040;298;1
00040;304;1
00040;308;1
00040;333;1
00040;338;1
00040;344;2
00040;345;1
00040;351;1
00040;352;1
00040;370;2
00040;392;1
00040;404;4
00040;405;4
00040;407;1
00040;413;1
00040;417;2
00040;420;2
00040;434;1
00040;465;4
00040;478;1
00040;479;4
00040;508;1
00040;510;1
00040;515;1
00040;526;1
00040;529;1
00040;532;1
00040;535;1
00040;553;1
00040;560;2
00040;571;1
00040;572;1
00040;573;2
00040;576;1
00040;583;1
00040;613;1
00040;616;1
00040;619;1
00040;645;1
00040;646;1
00040;654;1
00040;673;1
00040;677;1
00040;731;1
00040;735;1
00040;763;1
00040;780;1
00040;785;4
00040;786;4
00040;815;4
00040;849;1
00040;851;1
00040;852;1
00040;869;1
00040;882;1
00040;888;1
00040;899;3
00040;931;1
00040;941;4
00040;942;1
00040;949;1
00040;954;2
00040;956;1
00040;959;1
00040;1000;1
00040;1008;4
00040;1024;1
00040;1027;1
00040;1029;1
00040;1052;2
00040;1080;2
00040;1100;4
00040;1105;1
00040;1109;1
00040;1117;4
00040;1124;3
00040;1126;1
00040;1127;2
00040;1128;1
00040;1130;1
00040;1131;1
00040;1132;1
00040;1133;2
00040;1135;4
00040;1137;4
00040;1139;3
00040;1141;3
00040;1146;1
00040;1148;1
00040;1160;2
00040;1161;1
00040;1192;1
00040;1193;4
00040;1230;3
00040;1234;4
00041;46;1
00041;296;1
00041;301;1
00041;322;1
00041;370;1
00041;392;1
00041;603;4
00041;941;1
00041;998;2
00041;1106;4
00041;1107;4
00041;1108;4
00041;1115;4
00041;1184;1
00041;1190;4
00042;5;1
00042;46;1
00042;57;4
00042;92;4
00042;135;1
00042;209;4
00042;245;3
00042;297;1
00042;301;4
00042;314;1
00042;317;4
00042;322;1
00042;337;4
00042;339;1
00042;370;2
00042;416;4
00042;434;1
00042;443;3
00042;489;1
00042;505;4
00042;509;1
00042;550;1
00042;585;4
00042;586;1
00042;601;1
00042;695;4
00042;719;1
00042;722;1
00042;724;1
00042;731;1
00042;763;1
00042;764;1
00042;770;1
00042;822;1
00042;837;1
00042;888;1
00042;931;3
00042;944;1
00042;1000;1
00042;1033;1
00042;1040;1
00042;1085;3
00042;1093;1
00042;1187;1
00042;1192;1
00042;1232;1
00042;1234;2
00043;3;1
00043;4;1
00043;28;1
00043;54;4
00043;65;1
00043;66;4
00043;91;1
00043;94;1
00043;119;2
00043;124;4
00043;125;4
00043;135;1
00043;137;1
00043;140;4
00043;147;1
00043;172;4
00043;173;3
00043;199;1
00043;221;1
00043;261;2
00043;294;1
00043;301;1
00043;302;2
00043;303;3
00043;307;1
00043;308;1
00043;311;1
00043;324;1
00043;334;1
00043;361;1
00043;370;4
00043;386;1
00043;392;2
00043;404;1
00043;418;4
00043;430;1
00043;440;4
00043;441;4
00043;461;3
00043;471;1
00043;484;2
00043;490;1
00043;493;1
00043;504;4
00043;505;1
00043;522;2
00043;526;2
00043;527;1
00043;560;1
00043;562;1
00043;563;1
00043;568;4
00043;570;1
00043;571;1
00043;575;1
00043;636;1
00043;655;1
00043;693;1
00043;694;1
00043;707;1
00043;714;2
00043;733;1
00043;737;1
00043;741;1
00043;758;1
00043;793;1
00043;795;1
00043;817;1
00043;818;1
00043;864;1
00043;889;1
00043;891;2
00043;913;1
00043;916;1
00043;918;3
00043;921;3
00043;944;1
00043;958;2
00043;960;4
00043;966;2
00043;967;2
00043;975;1
00043;982;1
00043;997;1
00043;1000;1
00043;1080;1
00043;1093;1
00043;1094;1
00043;1121;1
00043;1156;1
00043;1167;2
00043;1172;2
00043;1184;1
00043;1185;1
00043;1199;2
00043;1200;4
00043;1209;1
00043;1216;1
00044;44;4
00044;45;1
00044;53;4
00044;67;4
00044;72;4
00044;74;4
00044;83;2
00044;84;4
00044;106;2
00044;108;1
00044;118;1
00044;121;1
00044;122;2
00044;124;4
00044;125;1
00044;135;1
00044;138;1
00044;142;1
00044;143;4
00044;154;4
00044;166;1
00044;171;4
00044;172;1
00044;190;4
00044;235;3
00044;236;4
00044;242;3
00044;243;3
00044;244;3
00044;257;2
00044;264;3
00044;269;4
00044;276;1
00044;297;1
00044;310;1
00044;312;4
00044;325;4
00044;336;4
00044;360;2
00044;370;1
00044;371;1
00044;381;1
00044;386;4
00044;390;4
00044;392;1
00044;399;4
00044;409;1
00044;411;4
00044;415;3
00044;430;2
00044;435;1
00044;436;3
00044;453;4
00044;465;1
00044;493;2
00044;495;4
00044;503;1
00044;504;4
00044;523;2
00044;528;4
00044;538;1
00044;548;4
00044;561;4
00044;563;1
00044;566;4
00044;567;4
00044;568;4
00044;569;3
00044;570;3
00044;572;3
00044;574;4
00044;575;4
00044;576;1
00044;590;1
00044;608;1
00044;621;4
00044;622;4
00044;623;4
00044;624;4
00044;625;4
00044;634;4
00044;636;4
00044;645;2
00044;647;4
00044;655;4
00044;666;4
00044;691;4
00044;702;4
00044;737;4
00044;743;4
00044;747;1
00044;750;4
00044;765;4
00044;766;4
00044;767;1
00044;786;4
00044;840;4
00044;841;3
00044;847;4
00044;850;4
00044;856;1
00044;858;4
00044;862;1
00044;873;4
00044;875;1
00044;951;4
00044;953;4
00044;961;1
00044;967;4
00044;971;4
00044;973;4
00044;1024;4
00044;1029;4
00044;1030;4
00044;1053;4
00044;1054;1
00044;1055;4
00044;1057;3
00044;1059;4
00044;1070;1
00044;1072;4
00044;1130;1
00044;1136;1
00044;1139;1
00044;1142;2
00044;1144;1
00044;1146;3
00044;1148;4
00044;1156;4
00044;1157;1
00044;1160;4
00044;1185;4
00044;1196;1
00044;1201;4
00044;1202;4
00044;1210;1
00044;1212;1
00044;1222;4
00044;1230;4
00044;1231;3
00045;278;1
00045;283;1
00045;286;1
00045;287;2
00045;288;1
00045;289;3
00045;290;3
00045;292;3
00045;293;3
00045;338;4
00045;538;3
00045;540;1
00045;715;1
00045;758;2
00045;803;4
00045;919;4
00045;924;4
00045;1050;1
00045;1159;4
00045;1168;1
00046;51;4
00046;53;4
00046;370;1
00046;410;2
00046;430;1
00046;500;1
00046;503;4
00046;516;4
00046;553;2
00046;568;1
00046;623;1
00046;702;4
00046;737;4
00046;854;4
00046;856;4
00046;857;1
00046;1196;1
00046;1212;4
00047;15;1
00047;57;1
00047;92;3
00047;118;1
00047;121;1
00047;125;1
00047;163;4
00047;165;1
00047;172;2
00047;183;1
00047;208;1
00047;209;3
00047;245;1
00047;259;1
00047;278;1
00047;279;1
00047;283;1
00047;286;1
00047;287;1
00047;295;4
00047;296;1
00047;301;3
00047;302;1
00047;317;3
00047;337;1
00047;361;1
00047;370;1
00047;406;4
00047;416;1
00047;436;1
00047;505;4
00047;508;3
00047;525;1
00047;585;3
00047;613;3
00047;684;4
00047;694;4
00047;695;3
00047;707;2
00047;781;1
00047;862;1
00047;868;1
00047;906;4
00047;928;1
00047;931;1
00047;971;1
00047;998;2
00047;1000;2
00047;1013;1
00047;1058;3
00047;1075;1
00047;1106;1
00047;1107;1
00047;1108;1
00047;1129;1
00047;1132;1
00047;1165;4
00047;1192;1
00047;1194;1
00047;1206;1
00048;44;2
00048;72;1
00048;74;1
00048;124;3
00048;143;1
00048;154;4
00048;190;1
00048;257;2
00048;312;1
00048;336;4
00048;386;1
00048;422;1
00048;436;4
00048;453;4
00048;493;2
00048;495;3
00048;523;3
00048;548;3
00048;566;1
00048;568;4
00048;576;4
00048;691;1
00048;765;1
00048;766;1
00048;786;1
00048;850;4
00048;967;2
00048;1142;3
00048;1201;1
00048;1231;4
00049;72;1
00049;84;1
00049;138;4
00049;143;4
00049;230;3
00049;313;4
00049;370;1
00049;392;2
00049;393;3
00049;430;1
00049;436;4
00049;440;1
00049;465;1
00049;493;4
00049;503;1
00049;504;4
00049;505;1
00049;523;3
00049;530;1
00049;553;1
00049;562;3
00049;563;3
00049;566;1
00049;568;4
00049;570;2
00049;586;1
00049;608;1
00049;624;4
00049;625;4
00049;691;3
00049;726;1
00049;743;3
00049;749;2
00049;953;4
00049;972;4
00049;1198;4
00050;44;1
00050;259;4
00050;309;1
00050;347;1
00050;435;4
00050;440;2
00050;495;4
00050;505;1
00050;543;1
00050;548;4
00050;568;2
00050;570;1
00050;575;1
00050;601;1
00050;634;1
00050;829;1
00050;848;4
00050;953;4
00050;961;4
00050;973;3
00050;1058;1
00050;1156;4
00050;1157;4
00050;1159;4
00050;1160;1
00051;1;1
00051;11;1
00051;14;1
00051;18;3
00051;19;3
00051;26;4
00051;44;3
00051;51;1
00051;55;1
00051;62;1
00051;63;1
00051;66;1
00051;67;4
00051;72;4
00051;83;1
00051;84;4
00051;85;4
00051;102;2
00051;107;3
00051;108;1
00051;112;4
00051;114;4
00051;122;4
00051;124;1
00051;135;1
00051;137;4
00051;141;4
00051;142;4
00051;177;1
00051;190;1
00051;191;4
00051;196;2
00051;200;1
00051;201;4
00051;214;4
00051;216;1
00051;217;1
00051;218;1
00051;219;1
00051;221;1
00051;222;1
00051;225;4
00051;230;1
00051;235;4
00051;236;4
00051;245;1
00051;249;4
00051;252;1
00051;254;4
00051;263;1
00051;264;2
00051;270;4
00051;276;1
00051;277;3
00051;279;2
00051;281;2
00051;289;1
00051;297;2
00051;302;4
00051;303;4
00051;304;4
00051;305;4
00051;306;4
00051;307;2
00051;308;4
00051;311;1
00051;322;1
00051;325;4
00051;333;3
00051;337;2
00051;343;1
00051;345;1
00051;355;1
00051;360;2
00051;365;4
00051;366;4
00051;370;4
00051;382;1
00051;383;3
00051;386;4
00051;391;2
00051;392;4
00051;400;4
00051;402;1
00051;407;4
00051;415;3
00051;417;1
00051;418;4
00051;419;4
00051;430;3
00051;435;1
00051;437;1
00051;440;1
00051;442;4
00051;444;4
00051;445;4
00051;465;4
00051;481;4
00051;484;4
00051;488;1
00051;490;4
00051;493;2
00051;494;4
00051;495;1
00051;498;4
00051;501;4
00051;502;1
00051;503;2
00051;504;4
00051;505;1
00051;510;1
00051;511;3
00051;517;2
00051;521;3
00051;526;1
00051;528;4
00051;529;4
00051;530;4
00051;531;4
00051;532;4
00051;534;4
00051;535;4
00051;548;1
00051;553;4
00051;560;4
00051;562;2
00051;563;4
00051;564;4
00051;565;4
00051;566;4
00051;568;4
00051;569;4
00051;570;4
00051;571;1
00051;572;4
00051;573;4
00051;574;4
00051;575;4
00051;576;1
00051;589;1
00051;590;2
00051;605;4
00051;608;4
00051;625;1
00051;627;1
00051;636;2
00051;639;2
00051;643;1
00051;646;4
00051;675;2
00051;681;4
00051;685;4
00051;707;1
00051;726;4
00051;733;1
00051;737;1
00051;738;4
00051;739;4
00051;740;4
00051;741;4
00051;744;4
00051;745;1
00051;746;4
00051;747;1
00051;748;4
00051;749;4
00051;779;2
00051;789;3
00051;790;1
00051;793;1
00051;827;4
00051;828;1
00051;829;4
00051;847;1
00051;852;1
00051;856;2
00051;857;1
00051;858;1
00051;861;1
00051;864;4
00051;865;1
00051;866;1
00051;868;1
00051;869;4
00051;875;1
00051;881;1
00051;889;1
00051;891;2
00051;892;4
00051;905;1
00051;918;4
00051;921;4
00051;925;2
00051;926;1
00051;933;1
00051;936;1
00051;949;4
00051;950;4
00051;954;3
00051;956;2
00051;957;4
00051;958;4
00051;966;4
00051;990;1
00051;991;1
00051;1001;1
00051;1024;3
00051;1026;4
00051;1027;1
00051;1044;4
00051;1057;1
00051;1065;1
00051;1070;2
00051;1074;2
00051;1076;4
00051;1079;1
00051;1091;1
00051;1120;4
00051;1127;1
00051;1135;1
00051;1137;1
00051;1139;1
00051;1141;1
00051;1156;4
00051;1167;4
00051;1196;4
00051;1198;1
00051;1199;1
00051;1200;4
00051;1202;1
00051;1203;4
00051;1204;4
00051;1207;4
00051;1208;4
00051;1209;4
00051;1210;4
00051;1211;4
00051;1212;4
00051;1234;1
00051;1236;4
00051;1238;3
00052;406;4
00052;505;1
00053;1;1
00053;11;1
00053;55;1
00053;81;1
00053;160;1
00053;188;1
00053;223;1
00053;228;1
00053;347;2
00053;370;1
00053;401;3
00053;432;4
00053;447;3
00053;505;1
00053;509;1
00053;577;3
00053;590;2
00053;767;2
00053;917;1
00053;987;4
00053;1170;3
00053;1228;3
00053;1229;3
00054;11;4
00054;23;1
00054;55;2
00054;187;3
00054;206;1
00054;211;4
00054;223;4
00054;228;4
00054;229;4
00054;333;2
00054;341;2
00054;347;2
00054;358;4
00054;369;4
00054;382;4
00054;394;3
00054;401;4
00054;402;4
00054;432;4
00054;485;4
00054;488;3
00054;505;2
00054;513;2
00054;547;1
00054;550;1
00054;552;2
00054;577;3
00054;590;2
00054;607;1
00054;613;1
00054;626;2
00054;631;4
00054;632;4
00054;716;3
00054;767;2
00054;771;1
00054;790;1
00054;793;1
00054;806;1
00054;812;4
00054;819;4
00054;860;1
00054;904;4
00054;905;1
00054;917;3
00054;941;2
00054;964;4
00054;990;2
00054;1003;1
00054;1005;4
00054;1007;4
00054;1013;2
00054;1048;4
00054;1060;4
00054;1099;1
00054;1134;4
00054;1163;4
00054;1164;3
00054;1169;4
00054;1171;1
00054;1192;1
00054;1237;1
00055;70;1
00055;232;2
00055;305;1
00055;347;1
00055;358;1
00055;391;3
00055;430;1
00055;432;4
00055;463;2
00055;505;2
00055;521;4
00055;530;4
00055;640;2
00055;675;1
00055;749;1
00055;779;2
00055;820;4
00055;828;3
00055;847;1
00055;890;2
00055;1056;1
00055;1070;2
00055;1156;1
00055;1205;3
00056;55;1
00056;89;2
00056;123;1
00056;135;1
00056;181;3
00056;185;2
00056;212;3
00056;288;2
00056;290;2
00056;292;2
00056;414;1
00056;424;1
00056;432;1
00056;443;1
00056;450;1
00056;758;1
00056;767;4
00056;783;1
00056;794;1
00056;919;1
00056;924;1
00056;925;1
00056;928;1
00056;970;1
00056;972;1
00056;1066;1
00056;1091;2
00056;1093;1
00056;1102;1
00056;1115;1
00056;1234;1
00056;1239;1
00057;1;4
00057;6;1
00057;8;1
00057;11;1
00057;62;1
00057;79;1
00057;80;1
00057;81;1
00057;160;2
00057;177;1
00057;178;3
00057;188;2
00057;200;1
00057;223;4
00057;228;1
00057;282;2
00057;346;3
00057;369;1
00057;370;3
00057;394;3
00057;397;1
00057;415;1
00057;432;3
00057;447;1
00057;513;1
00057;577;1
00057;588;3
00057;590;4
00057;668;1
00057;778;3
00057;784;1
00057;790;3
00057;812;2
00057;833;1
00057;860;3
00057;865;3
00057;890;2
00057;905;3
00057;983;3
00057;986;3
00057;987;4
00057;988;3
00057;989;2
00057;1086;1
00057;1090;1
00057;1091;2
00057;1095;3
00057;1170;1
00057;1171;1
00057;1173;3
00057;1203;2
00058;1;4
00058;6;4
00058;7;4
00058;43;1
00058;48;2
00058;55;3
00058;60;1
00058;62;4
00058;63;3
00058;80;4
00058;81;1
00058;82;3
00058;102;1
00058;111;1
00058;160;4
00058;164;1
00058;178;4
00058;179;3
00058;187;3
00058;188;4
00058;200;2
00058;223;4
00058;228;3
00058;229;3
00058;271;3
00058;282;2
00058;335;2
00058;346;4
00058;347;4
00058;366;1
00058;369;3
00058;370;2
00058;384;1
00058;392;1
00058;394;4
00058;397;1
00058;402;1
00058;415;2
00058;427;1
00058;429;1
00058;432;4
00058;447;4
00058;457;1
00058;463;1
00058;485;1
00058;505;3
00058;511;1
00058;513;3
00058;517;1
00058;550;1
00058;577;4
00058;588;4
00058;589;3
00058;590;4
00058;591;4
00058;609;1
00058;614;4
00058;631;3
00058;668;3
00058;748;1
00058;749;1
00058;769;4
00058;778;4
00058;784;2
00058;790;4
00058;805;1
00058;812;4
00058;820;1
00058;860;4
00058;865;4
00058;874;4
00058;890;4
00058;903;2
00058;905;3
00058;912;1
00058;917;4
00058;964;1
00058;983;4
00058;986;4
00058;987;4
00058;988;4
00058;989;4
00058;990;1
00058;1005;1
00058;1025;2
00058;1077;3
00058;1086;1
00058;1090;1
00058;1091;2
00058;1134;1
00058;1170;4
00058;1171;4
00058;1173;4
00058;1228;1
00058;1234;1
00059;1;1
00059;6;1
00059;11;1
00059;18;2
00059;45;1
00059;48;3
00059;55;4
00059;62;1
00059;63;1
00059;67;1
00059;79;1
00059;80;1
00059;81;2
00059;84;3
00059;102;4
00059;107;3
00059;110;1
00059;111;1
00059;122;2
00059;160;2
00059;164;1
00059;166;2
00059;177;1
00059;179;1
00059;187;1
00059;188;1
00059;191;3
00059;200;1
00059;214;4
00059;223;4
00059;228;4
00059;229;4
00059;245;1
00059;275;3
00059;279;4
00059;281;1
00059;284;4
00059;306;1
00059;333;1
00059;335;3
00059;346;2
00059;347;2
00059;365;4
00059;366;4
00059;369;1
00059;370;3
00059;382;1
00059;386;2
00059;392;2
00059;394;4
00059;397;4
00059;401;4
00059;402;4
00059;415;1
00059;425;1
00059;427;1
00059;430;1
00059;432;4
00059;442;1
00059;444;1
00059;447;1
00059;452;1
00059;465;1
00059;485;2
00059;504;1
00059;505;4
00059;509;4
00059;513;4
00059;521;1
00059;524;1
00059;530;1
00059;565;4
00059;572;3
00059;574;3
00059;577;4
00059;588;3
00059;590;3
00059;591;1
00059;607;1
00059;608;3
00059;609;1
00059;614;1
00059;631;2
00059;668;4
00059;670;4
00059;678;1
00059;679;1
00059;685;1
00059;689;4
00059;738;1
00059;748;1
00059;767;4
00059;769;1
00059;778;2
00059;784;4
00059;790;3
00059;812;4
00059;820;1
00059;827;2
00059;828;1
00059;833;4
00059;860;2
00059;865;4
00059;869;1
00059;874;2
00059;882;1
00059;903;4
00059;905;4
00059;912;1
00059;917;2
00059;936;4
00059;937;1
00059;964;1
00059;977;1
00059;983;2
00059;986;2
00059;987;1
00059;988;2
00059;989;4
00059;990;1
00059;1005;1
00059;1007;1
00059;1025;4
00059;1044;2
00059;1056;1
00059;1060;2
00059;1071;1
00059;1074;4
00059;1075;1
00059;1077;4
00059;1091;2
00059;1095;4
00059;1097;1
00059;1102;4
00059;1134;1
00059;1143;1
00059;1163;4
00059;1170;1
00059;1171;4
00059;1172;2
00059;1173;3
00059;1203;1
00059;1205;4
00059;1228;1
00059;1232;1
00060;17;2
00060;87;1
00060;100;4
00060;155;3
00060;241;4
00060;267;3
00060;322;3
00060;340;1
00060;348;4
00060;354;1
00060;370;1
00060;446;3
00060;519;2
00060;550;1
00060;587;3
00060;597;3
00060;653;2
00060;698;4
00060;722;1
00060;724;1
00060;751;1
00060;764;1
00060;990;2
00060;1000;1
00060;1004;4
00060;1040;1
00060;1041;3
00060;1043;3
00060;1046;1
00060;1047;3
00060;1104;1
00060;1110;2
00060;1192;2
00060;1194;1
00061;10;2
00061;56;1
00061;62;1
00061;63;1
00061;114;1
00061;132;1
00061;187;1
00061;195;4
00061;196;4
00061;197;1
00061;200;1
00061;226;1
00061;298;1
00061;347;1
00061;358;1
00061;370;3
00061;383;4
00061;427;1
00061;432;2
00061;434;1
00061;437;4
00061;439;1
00061;465;3
00061;481;3
00061;490;3
00061;498;2
00061;500;1
00061;501;4
00061;502;4
00061;505;4
00061;511;2
00061;517;1
00061;531;4
00061;532;1
00061;535;1
00061;565;1
00061;570;2
00061;590;2
00061;605;4
00061;668;1
00061;685;4
00061;726;1
00061;735;1
00061;738;1
00061;739;1
00061;741;1
00061;754;4
00061;763;1
00061;767;1
00061;827;1
00061;847;1
00061;864;1
00061;865;1
00061;875;1
00061;882;1
00061;912;1
00061;944;1
00061;969;4
00061;980;1
00061;990;1
00061;1040;1
00061;1079;4
00061;1092;1
00061;1093;1
00061;1098;1
00061;1188;1
00061;1207;1
00061;1208;1
00061;1234;1
00061;1236;1
00062;10;1
00062;17;4
00062;24;1
00062;43;1
00062;56;2
00062;60;1
00062;62;1
00062;63;3
00062;64;3
00062;69;1
00062;72;1
00062;88;1
00062;94;1
00062;110;1
00062;144;2
00062;148;4
00062;155;4
00062;160;1
00062;182;1
00062;192;3
00062;193;4
00062;194;3
00062;197;3
00062;200;2
00062;211;1
00062;224;1
00062;226;4
00062;237;1
00062;238;2
00062;244;1
00062;267;1
00062;297;2
00062;321;1
00062;322;1
00062;330;1
00062;331;3
00062;333;2
00062;340;1
00062;348;2
00062;349;1
00062;354;2
00062;358;1
00062;359;2
00062;370;4
00062;372;1
00062;382;2
00062;383;1
00062;427;1
00062;429;1
00062;434;1
00062;437;3
00062;438;4
00062;446;1
00062;458;1
00062;459;1
00062;460;1
00062;465;1
00062;472;1
00062;473;3
00062;479;1
00062;486;1
00062;505;1
00062;537;1
00062;539;1
00062;550;4
00062;551;1
00062;558;2
00062;559;1
00062;580;1
00062;586;1
00062;590;1
00062;607;3
00062;643;1
00062;663;2
00062;677;1
00062;698;3
00062;703;2
00062;704;1
00062;722;4
00062;724;2
00062;729;1
00062;731;1
00062;734;1
00062;735;1
00062;736;3
00062;761;2
00062;763;3
00062;764;2
00062;767;1
00062;768;3
00062;783;1
00062;787;1
00062;803;3
00062;804;1
00062;806;4
00062;819;1
00062;821;1
00062;822;1
00062;837;3
00062;842;4
00062;843;1
00062;844;1
00062;845;1
00062;870;1
00062;879;1
00062;880;1
00062;882;2
00062;885;1
00062;886;1
00062;888;2
00062;889;1
00062;904;3
00062;907;3
00062;912;1
00062;913;1
00062;914;1
00062;920;1
00062;937;1
00062;941;3
00062;944;1
00062;945;1
00062;964;1
00062;969;1
00062;990;2
00062;1000;2
00062;1022;1
00062;1023;2
00062;1032;1
00062;1033;1
00062;1038;1
00062;1039;1
00062;1040;1
00062;1042;1
00062;1071;1
00062;1073;4
00062;1080;1
00062;1093;1
00062;1104;1
00062;1151;4
00062;1192;1
00062;1195;1
00062;1214;3
00062;1232;1
00062;1234;2
00063;1;1
00063;23;1
00063;62;1
00063;63;1
00063;166;1
00063;322;2
00063;347;3
00063;370;1
00063;374;1
00063;429;4
00063;434;3
00063;437;1
00063;438;1
00063;463;4
00063;490;1
00063;499;3
00063;500;1
00063;501;1
00063;502;1
00063;505;1
00063;592;2
00063;669;1
00063;698;1
00063;704;1
00063;724;1
00063;763;1
00063;803;1
00063;805;2
00063;821;1
00063;922;1
00063;976;3
00063;980;1
00063;1040;1
00063;1091;1
00063;1155;4
00063;1171;3
00063;1192;3
00063;1228;3
00063;1229;3
00064;17;2
00064;20;1
00064;22;4
00064;24;1
00064;64;4
00064;144;2
00064;148;2
00064;155;1
00064;160;1
00064;197;2
00064;227;1
00064;267;1
00064;322;1
00064;331;1
00064;349;1
00064;358;1
00064;370;3
00064;372;4
00064;382;1
00064;434;1
00064;437;4
00064;472;1
00064;550;1
00064;590;1
00064;605;1
00064;606;1
00064;674;1
00064;698;1
00064;703;1
00064;722;1
00064;724;1
00064;768;1
00064;814;4
00064;842;4
00064;844;1
00064;882;1
00064;889;1
00064;907;1
00064;944;1
00064;963;2
00064;1000;1
00064;1033;1
00064;1038;4
00064;1067;1
00064;1071;1
00064;1076;1
00064;1091;1
00064;1093;1
00064;1188;1
00064;1195;4
00065;17;2
00065;20;4
00065;22;3
00065;24;4
00065;64;4
00065;87;2
00065;93;1
00065;132;1
00065;135;1
00065;144;4
00065;148;2
00065;155;4
00065;192;3
00065;194;4
00065;197;2
00065;206;4
00065;211;4
00065;224;1
00065;227;1
00065;238;1
00065;267;1
00065;297;1
00065;322;1
00065;323;1
00065;331;2
00065;341;2
00065;349;4
00065;358;1
00065;368;4
00065;370;4
00065;372;4
00065;383;1
00065;386;1
00065;387;4
00065;388;4
00065;437;4
00065;519;1
00065;539;1
00065;543;1
00065;546;1
00065;550;1
00065;578;4
00065;587;1
00065;597;1
00065;599;1
00065;606;4
00065;611;1
00065;629;1
00065;653;2
00065;674;4
00065;699;4
00065;722;3
00065;736;4
00065;763;1
00065;788;1
00065;803;1
00065;814;2
00065;819;1
00065;821;2
00065;833;1
00065;842;4
00065;882;1
00065;885;4
00065;886;4
00065;889;1
00065;904;3
00065;913;1
00065;963;1
00065;964;3
00065;990;1
00065;1000;1
00065;1006;1
00065;1007;3
00065;1038;4
00065;1042;1
00065;1045;3
00065;1046;4
00065;1048;2
00065;1067;3
00065;1073;4
00065;1092;1
00065;1093;1
00065;1099;4
00065;1149;1
00065;1150;1
00065;1151;4
00065;1153;1
00065;1164;1
00065;1188;1
00065;1195;4
00065;1214;1
00065;1232;1
00065;1234;1
00065;1237;4
00066;1;1
00066;10;1
00066;11;1
00066;13;1
00066;17;2
00066;22;1
00066;63;1
00066;100;3
00066;148;2
00066;155;1
00066;160;1
00066;166;1
00066;187;1
00066;200;3
00066;267;1
00066;322;4
00066;340;3
00066;348;4
00066;350;3
00066;370;4
00066;385;1
00066;427;1
00066;429;4
00066;434;4
00066;446;1
00066;463;3
00066;498;1
00066;558;2
00066;590;1
00066;605;1
00066;607;1
00066;630;1
00066;698;3
00066;722;1
00066;724;1
00066;731;1
00066;736;1
00066;763;2
00066;767;1
00066;771;1
00066;788;1
00066;821;3
00066;837;1
00066;882;1
00066;907;1
00066;912;1
00066;913;1
00066;944;2
00066;969;1
00066;976;1
00066;980;1
00066;990;1
00066;1004;1
00066;1098;1
00066;1104;1
00066;1109;1
00066;1134;1
00066;1155;3
00066;1192;4
00066;1194;2
00066;1195;1
00066;1214;1
00066;1226;1
00067;43;1
00067;61;1
00067;148;4
00067;354;1
00067;370;3
00067;472;3
00067;473;1
00067;519;1
00067;724;2
00067;764;1
00067;842;2
00067;910;3
00067;914;3
00067;1234;1
00068;11;1
00068;64;1
00068;90;4
00068;135;1
00068;195;3
00068;206;4
00068;297;1
00068;327;1
00068;331;1
00068;341;2
00068;349;4
00068;358;1
00068;359;1
00068;370;1
00068;437;1
00068;438;3
00068;543;4
00068;546;2
00068;550;1
00068;607;1
00068;632;1
00068;734;2
00068;819;1
00068;826;1
00068;838;1
00068;882;1
00068;889;1
00068;904;4
00068;913;1
00068;944;1
00068;964;3
00068;969;1
00068;1000;1
00068;1003;4
00068;1040;1
00068;1046;1
00068;1048;2
00068;1093;1
00068;1099;3
00068;1134;1
00068;1149;1
00068;1150;1
00068;1164;3
00068;1172;1
00068;1234;1
00069;193;4
00069;326;1
00069;327;2
00069;359;4
00069;363;4
00069;370;4
00069;438;4
00069;550;1
00069;703;4
00069;724;1
00069;837;1
00069;907;4
00069;944;3
00069;1000;3
00069;1234;3
00070;17;1
00070;327;2
00070;340;4
00070;370;4
00070;438;4
00070;698;4
00070;722;1
00070;804;4
00070;837;1
00070;944;3
00070;952;1
00070;1000;3
00070;1009;4
00070;1032;4
00070;1104;4
00070;1232;1
00070;1234;3
00071;11;1
00071;56;1
00071;148;4
00071;327;1
00071;370;1
00071;547;1
00072;58;3
00072;250;1
00072;323;3
00072;333;1
00072;682;4
00072;683;3
00072;732;4
00072;733;1
00072;837;1
00072;941;1
00072;1000;1
00072;1019;1
00072;1125;1
00073;50;4
00073;224;4
00073;227;4
00073;359;4
00073;370;4
00073;438;4
00073;629;3
00073;630;4
00073;724;1
00073;806;3
00073;843;4
00073;844;4
00073;990;1
00073;1000;1
00073;1093;1
00073;1228;1
00073;1229;1
00073;1234;1
00074;148;3
00074;370;1
00074;724;2
00074;910;4
00074;914;4
00074;1000;1
00074;1093;1
00075;100;1
00075;241;2
00075;273;2
00075;316;4
00075;348;2
00075;354;2
00075;359;3
00075;370;4
00075;446;4
00075;519;2
00075;587;2
00075;597;1
00075;751;2
00075;757;1
00075;837;1
00075;944;3
00075;1043;1
00075;1047;1
00075;1110;3
00075;1234;1
00075;1235;1
00076;329;1
00076;330;1
00076;359;2
00076;370;2
00076;437;4
00076;438;3
00076;606;4
00076;731;1
00076;882;1
00076;889;1
00076;1007;3
00076;1023;1
00076;1039;1
00076;1048;2
00076;1080;1
00076;1134;1
00076;1188;4
00077;25;2
00077;27;4
00077;31;1
00077;50;1
00077;90;4
00077;128;2
00077;135;2
00077;148;1
00077;168;1
00077;195;4
00077;197;1
00077;224;4
00077;226;1
00077;227;3
00077;267;1
00077;297;1
00077;298;1
00077;321;1
00077;323;4
00077;326;1
00077;327;4
00077;329;3
00077;330;2
00077;333;1
00077;359;4
00077;370;4
00077;428;1
00077;437;4
00077;438;4
00077;542;2
00077;546;4
00077;550;1
00077;551;1
00077;558;1
00077;586;1
00077;592;2
00077;629;4
00077;630;4
00077;663;1
00077;722;1
00077;724;1
00077;729;1
00077;731;1
00077;734;4
00077;735;1
00077;754;4
00077;806;1
00077;826;1
00077;837;1
00077;839;1
00077;843;4
00077;844;4
00077;845;1
00077;879;1
00077;882;1
00077;889;1
00077;912;1
00077;937;1
00077;939;4
00077;941;1
00077;944;1
00077;963;4
00077;990;1
00077;1006;4
00077;1012;4
00077;1023;1
00077;1034;4
00077;1035;4
00077;1040;1
00077;1080;1
00077;1092;1
00077;1093;1
00077;1134;1
00077;1138;4
00077;1149;4
00077;1150;3
00077;1152;4
00077;1153;4
00077;1188;1
00077;1220;4
00077;1232;1
00077;1234;3
00078;61;3
00078;65;1
00078;82;1
00078;90;1
00078;93;1
00078;135;1
00078;146;2
00078;152;2
00078;159;4
00078;161;1
00078;179;2
00078;184;1
00078;188;1
00078;238;1
00078;253;4
00078;255;4
00078;265;1
00078;282;1
00078;315;1
00078;320;4
00078;321;1
00078;326;1
00078;330;1
00078;333;1
00078;359;1
00078;370;3
00078;373;4
00078;427;2
00078;438;2
00078;451;1
00078;452;4
00078;459;3
00078;460;1
00078;479;1
00078;556;2
00078;648;1
00078;663;1
00078;680;4
00078;686;4
00078;696;1
00078;718;1
00078;722;1
00078;724;1
00078;731;1
00078;734;1
00078;753;1
00078;800;1
00078;802;4
00078;838;1
00078;884;1
00078;889;1
00078;912;1
00078;944;1
00078;945;1
00078;1010;2
00078;1015;1
00078;1019;1
00078;1021;4
00078;1042;1
00078;1065;1
00078;1069;1
00078;1071;2
00078;1078;1
00078;1081;2
00078;1086;1
00078;1089;1
00078;1090;1
00078;1091;3
00078;1093;1
00078;1111;4
00078;1112;1
00078;1118;1
00078;1179;3
00078;1180;3
00078;1181;4
00078;1227;2
00078;1234;2
00079;65;1
00079;75;1
00079;123;4
00079;132;1
00079;135;2
00079;146;1
00079;148;1
00079;179;1
00079;184;1
00079;255;1
00079;315;1
00079;320;3
00079;330;2
00079;333;1
00079;359;3
00079;370;1
00079;373;3
00079;384;3
00079;427;1
00079;438;4
00079;452;1
00079;648;4
00079;650;4
00079;663;1
00079;826;2
00079;829;1
00079;838;1
00079;882;1
00079;912;1
00079;923;3
00079;944;2
00079;945;3
00079;1000;1
00079;1010;1
00079;1023;1
00079;1065;1
00079;1082;3
00079;1089;1
00079;1091;2
00079;1112;4
00079;1179;2
00079;1181;4
00079;1234;2
00080;61;1
00080;135;1
00080;152;1
00080;159;2
00080;238;2
00080;330;1
00080;333;2
00080;427;1
00080;438;1
00080;451;1
00080;452;1
00080;453;1
00080;458;4
00080;459;1
00080;460;4
00080;612;1
00080;663;1
00080;696;3
00080;722;1
00080;753;4
00080;800;4
00080;884;1
00080;912;1
00080;945;3
00080;1010;1
00080;1042;3
00080;1065;1
00080;1071;2
00080;1078;4
00080;1091;1
00080;1179;1
00080;1180;1
00080;1227;4
00080;1234;3
00081;31;1
00081;90;3
00081;93;1
00081;132;1
00081;135;1
00081;195;1
00081;253;1
00081;321;4
00081;326;3
00081;359;1
00081;370;4
00081;438;4
00081;542;3
00081;546;4
00081;550;1
00081;551;1
00081;586;1
00081;592;1
00081;729;1
00081;731;1
00081;734;4
00081;941;2
00081;944;1
00081;990;1
00081;1092;3
00081;1134;1
00081;1232;1
00081;1234;1
00082;25;4
00082;31;1
00082;90;4
00082;93;4
00082;132;1
00082;135;4
00082;148;1
00082;152;1
00082;159;2
00082;189;1
00082;195;1
00082;197;1
00082;238;1
00082;253;4
00082;297;1
00082;321;4
00082;326;4
00082;327;3
00082;330;1
00082;331;1
00082;333;1
00082;359;4
00082;370;4
00082;427;1
00082;438;4
00082;458;2
00082;542;3
00082;543;2
00082;546;4
00082;550;1
00082;551;1
00082;586;1
00082;592;1
00082;722;1
00082;724;1
00082;729;1
00082;731;1
00082;734;4
00082;826;1
00082;837;1
00082;845;1
00082;879;1
00082;882;1
00082;889;1
00082;904;1
00082;912;1
00082;937;1
00082;941;2
00082;944;2
00082;952;1
00082;963;4
00082;990;1
00082;1000;1
00082;1003;3
00082;1040;1
00082;1078;1
00082;1092;1
00082;1150;1
00082;1188;1
00082;1227;1
00082;1232;1
00082;1234;3
00083;18;4
00083;166;4
00083;187;1
00083;238;1
00083;366;1
00083;370;3
00083;394;1
00083;427;1
00083;430;1
00083;432;4
00083;447;2
00083;463;1
00083;501;1
00083;505;2
00083;517;1
00083;550;1
00083;590;2
00083;609;1
00083;668;1
00083;767;1
00083;905;1
00083;912;1
00083;988;1
00083;989;1
00083;1074;1
00083;1077;2
00083;1091;1
00083;1102;3
00083;1143;3
00083;1170;1
00083;1171;1
00083;1203;4
00084;8;2
00084;160;4
00084;333;1
00084;346;1
00084;384;1
00084;555;1
00084;590;1
00084;778;1
00084;837;1
00084;912;1
00084;922;2
00084;952;1
00084;986;2
00084;1086;1
00084;1112;2
00084;1179;1
00085;29;4
00085;58;3
00085;88;1
00085;98;1
00085;179;1
00085;200;2
00085;202;4
00085;250;1
00085;370;2
00085;427;1
00085;432;1
00085;438;1
00085;469;1
00085;475;3
00085;589;1
00085;590;1
00085;724;1
00085;732;1
00085;733;1
00085;888;1
00085;912;1
00085;941;1
00085;969;1
00085;982;3
00085;983;1
00085;1018;4
00085;1019;1
00085;1022;1
00085;1036;1
00085;1065;1
00085;1118;4
00086;8;4
00086;61;1
00086;85;1
00086;110;4
00086;135;2
00086;148;4
00086;152;2
00086;160;3
00086;200;1
00086;238;2
00086;271;4
00086;330;2
00086;346;4
00086;370;3
00086;384;1
00086;427;1
00086;505;2
00086;554;4
00086;555;1
00086;577;1
00086;586;1
00086;590;4
00086;722;3
00086;731;1
00086;763;2
00086;769;3
00086;922;1
00086;944;2
00086;945;2
00086;952;1
00086;983;3
00086;990;1
00086;1000;2
00086;1015;1
00086;1033;1
00086;1071;1
00086;1077;1
00086;1086;1
00086;1090;1
00086;1091;2
00086;1112;1
00086;1118;1
00086;1173;2
00086;1181;1
00086;1227;1
00086;1232;1
00086;1234;1
00087;187;4
00087;223;2
00087;228;4
00087;229;4
00087;333;2
00087;369;4
00087;370;4
00087;382;1
00087;394;1
00087;401;2
00087;432;4
00087;438;3
00087;485;1
00087;513;2
00087;550;2
00087;590;3
00087;631;2
00087;632;1
00087;668;1
00087;722;1
00087;812;2
00087;819;2
00087;833;1
00087;860;3
00087;945;1
00087;990;1
00087;1005;4
00087;1007;1
00087;1015;4
00087;1025;1
00087;1032;1
00087;1060;3
00087;1071;2
00087;1134;2
00087;1163;1
00087;1169;1
00087;1180;1
00087;1234;1
00088;370;3
00088;443;1
00088;457;4
00088;590;3
00088;614;3
00088;668;1
00088;678;2
00088;679;2
00088;702;1
00088;945;1
00088;990;1
00088;1091;4
00088;1134;1
00088;1144;1
00089;79;3
00089;152;1
00089;176;4
00089;177;2
00089;179;1
00089;260;4
00089;265;1
00089;370;1
00089;469;4
00089;479;1
00089;590;1
00089;706;2
00089;778;1
00089;905;3
00089;912;3
00089;1065;1
00089;1086;1
00090;7;4
00090;160;1
00090;161;1
00090;176;4
00090;177;4
00090;200;4
00090;260;3
00090;265;4
00090;370;1
00090;451;4
00090;479;3
00090;505;1
00090;589;1
00090;590;4
00090;763;1
00090;778;2
00090;874;1
00090;884;4
00090;912;4
00090;987;1
00090;1065;1
00090;1071;1
00090;1086;4
00090;1089;1
00090;1090;3
00090;1091;3
00090;1234;1
00090;1238;1
00091;1;1
00091;3;1
00091;4;1
00091;8;1
00091;9;1
00091;11;2
00091;13;1
00091;15;2
00091;17;2
00091;21;1
00091;29;4
00091;30;1
00091;32;1
00091;33;1
00091;40;1
00091;41;1
00091;45;1
00091;46;2
00091;50;1
00091;56;1
00091;57;4
00091;58;4
00091;59;4
00091;60;1
00091;69;4
00091;78;1
00091;88;4
00091;92;1
00091;94;1
00091;95;4
00091;97;4
00091;98;4
00091;100;1
00091;103;3
00091;105;3
00091;109;3
00091;115;2
00091;116;3
00091;118;1
00091;119;3
00091;121;1
00091;122;1
00091;124;1
00091;128;1
00091;134;1
00091;135;1
00091;139;4
00091;147;1
00091;163;1
00091;166;1
00091;170;1
00091;173;1
00091;174;4
00091;181;1
00091;182;4
00091;183;3
00091;186;3
00091;189;1
00091;199;2
00091;202;3
00091;204;3
00091;211;1
00091;226;1
00091;237;1
00091;240;3
00091;241;2
00091;242;1
00091;243;1
00091;244;1
00091;248;1
00091;250;4
00091;256;1
00091;259;1
00091;261;1
00091;263;1
00091;264;1
00091;265;1
00091;266;4
00091;267;4
00091;268;1
00091;272;1
00091;274;1
00091;275;1
00091;276;1
00091;278;1
00091;279;1
00091;281;1
00091;283;1
00091;286;1
00091;287;1
00091;294;4
00091;297;2
00091;300;1
00091;301;1
00091;314;3
00091;317;3
00091;322;4
00091;331;1
00091;333;1
00091;339;4
00091;348;1
00091;351;2
00091;352;2
00091;353;4
00091;354;2
00091;355;1
00091;359;3
00091;361;2
00091;362;4
00091;364;3
00091;370;4
00091;376;4
00091;381;4
00091;385;4
00091;392;1
00091;395;4
00091;396;4
00091;398;2
00091;405;1
00091;412;1
00091;413;4
00091;416;1
00091;422;4
00091;423;2
00091;426;1
00091;428;1
00091;431;1
00091;434;2
00091;443;2
00091;454;1
00091;455;1
00091;466;3
00091;468;4
00091;473;1
00091;474;3
00091;475;4
00091;478;3
00091;485;1
00091;486;2
00091;489;1
00091;508;2
00091;512;2
00091;538;1
00091;545;2
00091;549;1
00091;550;4
00091;551;1
00091;552;4
00091;553;1
00091;559;2
00091;562;1
00091;579;3
00091;582;1
00091;586;1
00091;594;4
00091;598;4
00091;601;2
00091;603;3
00091;611;3
00091;615;4
00091;626;1
00091;641;4
00091;642;1
00091;643;1
00091;648;1
00091;659;1
00091;667;1
00091;673;1
00091;682;3
00091;683;3
00091;684;3
00091;688;1
00091;690;2
00091;694;1
00091;695;3
00091;700;4
00091;704;1
00091;714;2
00091;719;1
00091;720;2
00091;722;4
00091;724;2
00091;725;1
00091;727;1
00091;728;4
00091;729;1
00091;731;1
00091;732;4
00091;733;4
00091;735;1
00091;751;1
00091;752;4
00091;756;4
00091;759;4
00091;762;1
00091;763;4
00091;764;3
00091;767;1
00091;768;1
00091;770;4
00091;771;1
00091;772;2
00091;773;1
00091;779;1
00091;781;4
00091;782;1
00091;784;3
00091;787;4
00091;788;1
00091;791;2
00091;794;1
00091;796;3
00091;797;4
00091;798;2
00091;799;3
00091;801;4
00091;803;3
00091;808;4
00091;809;1
00091;822;4
00091;833;4
00091;834;1
00091;835;1
00091;836;2
00091;838;1
00091;844;1
00091;854;1
00091;859;4
00091;866;1
00091;867;1
00091;868;1
00091;870;4
00091;872;2
00091;875;1
00091;880;1
00091;882;1
00091;883;1
00091;888;2
00091;893;4
00091;894;1
00091;896;1
00091;897;1
00091;900;3
00091;906;1
00091;913;1
00091;914;1
00091;935;2
00091;941;2
00091;944;1
00091;947;1
00091;965;4
00091;974;4
00091;982;2
00091;985;4
00091;990;2
00091;992;1
00091;993;1
00091;997;4
00091;998;4
00091;1000;4
00091;1018;4
00091;1019;1
00091;1023;1
00091;1033;1
00091;1040;1
00091;1041;1
00091;1043;1
00091;1047;1
00091;1051;1
00091;1054;1
00091;1056;1
00091;1057;1
00091;1058;1
00091;1063;1
00091;1080;1
00091;1085;1
00091;1091;1
00091;1093;1
00091;1095;4
00091;1097;3
00091;1098;4
00091;1103;1
00091;1106;1
00091;1107;1
00091;1108;1
00091;1115;1
00091;1116;1
00091;1118;4
00091;1119;1
00091;1125;3
00091;1134;1
00091;1177;4
00091;1184;4
00091;1186;1
00091;1189;4
00091;1191;2
00091;1192;1
00091;1216;4
00091;1217;4
00091;1219;4
00091;1226;4
00091;1232;1
00091;1234;2
00091;1235;2
00092;17;1
00092;43;1
00092;111;1
00092;130;1
00092;135;3
00092;136;1
00092;148;1
00092;181;1
00092;185;1
00092;189;1
00092;193;1
00092;200;1
00092;213;4
00092;226;2
00092;238;3
00092;258;4
00092;333;2
00092;342;1
00092;354;3
00092;370;3
00092;377;2
00092;392;1
00092;429;1
00092;434;1
00092;446;1
00092;465;2
00092;472;4
00092;473;4
00092;479;1
00092;489;4
00092;492;1
00092;503;1
00092;510;1
00092;514;2
00092;550;2
00092;559;2
00092;586;1
00092;596;1
00092;599;4
00092;607;1
00092;611;3
00092;643;1
00092;653;1
00092;661;4
00092;671;1
00092;687;1
00092;692;1
00092;705;3
00092;722;4
00092;724;4
00092;729;1
00092;731;1
00092;735;1
00092;763;2
00092;764;2
00092;767;1
00092;778;3
00092;783;4
00092;788;1
00092;804;1
00092;806;1
00092;822;1
00092;824;1
00092;826;1
00092;837;1
00092;838;1
00092;839;1
00092;842;4
00092;845;1
00092;856;1
00092;858;2
00092;859;1
00092;879;4
00092;883;1
00092;888;1
00092;889;1
00092;908;1
00092;910;2
00092;914;3
00092;915;1
00092;926;1
00092;930;2
00092;934;3
00092;940;1
00092;941;2
00092;944;1
00092;946;1
00092;952;4
00092;990;2
00092;1000;4
00092;1014;1
00092;1023;1
00092;1031;1
00092;1033;4
00092;1040;1
00092;1066;1
00092;1071;1
00092;1093;1
00092;1147;4
00092;1151;1
00092;1186;1
00092;1188;1
00092;1192;2
00092;1195;4
00092;1226;1
00092;1227;1
00092;1232;4
00092;1234;4
00092;00093;2
00092;113;4
00092;145;4
00092;180;4
00092;272;4
00092;422;1
00092;467;2
00092;489;2
00092;550;1
00092;586;2
00092;722;1
00092;724;1
00092;873;1
00092;999;1
00092;1000;1
00092;1020;1
00092;1023;1
00092;1033;1
00092;1233;1
00094;78;2
00094;114;1
00094;122;1
00094;123;1
00094;137;1
00094;192;1
00094;209;2
00094;270;1
00094;277;1
00094;282;1
00094;309;4
00094;311;4
00094;322;1
00094;359;1
00094;370;2
00094;400;1
00094;435;1
00094;436;1
00094;440;4
00094;442;1
00094;494;4
00094;498;4
00094;504;1
00094;505;1
00094;533;1
00094;536;4
00094;571;1
00094;742;4
00094;745;4
00094;789;2
00094;955;4
00094;1016;1
00094;1091;1
00094;1092;1
00094;1121;4
00094;1143;4
00094;1156;4
00094;1158;1
00094;1197;4
00094;1199;4
00094;1200;1
00094;1204;4
00094;1223;4
00095;12;1
00095;30;4
00095;43;1
00095;192;1
00095;257;1
00095;322;1
00095;603;3
00095;606;3
00095;1097;1
00096;9;1
00096;40;2
00096;43;1
00096;75;4
00096;454;4
00096;455;4
00096;520;2
00096;526;2
00096;527;1
00096;673;4
00096;883;1
00096;1087;1
00097;52;1
00097;68;1
00097;135;1
00097;140;2
00097;190;1
00097;392;1
00097;416;2
00097;538;1
00097;539;4
00097;751;3
00097;757;4
00098;145;4
00098;180;3
00098;270;1
00098;272;3
00098;362;1
00098;467;1
00098;595;1
00098;667;1
00098;728;4
00098;782;4
00098;787;3
00098;985;3
00098;1018;1
00098;1019;1
00098;1118;2
00099;268;4
00099;324;4
00099;449;4
00099;992;3
00099;1191;2
00100;59;2
00100;183;4
00100;370;4
00100;579;4
00100;803;2
00100;833;2
00100;1000;4
00100;1017;4
00100;1033;1
00100;1097;2
00100;1232;2
